{"width":512,"height":512,"leafWidth":32,"leafHeight":32,"totalLeafNodeSize":68,"totalNodeSize":69,"quadNodeList":[{"x":0,"y":0,"width":512,"height":512,"id":-1,"tileList":[],"leftTop":0,"rightTop":1,"rightBottom":2,"leftBottom":3},{"x":0,"y":0,"width":256,"height":256,"id":0,"tileList":[],"leftTop":4,"rightTop":5,"rightBottom":6,"leftBottom":7},{"x":256,"y":0,"width":256,"height":256,"id":1,"tileList":[],"leftTop":8,"rightTop":9,"rightBottom":10,"leftBottom":11},{"x":256,"y":256,"width":256,"height":256,"id":2,"tileList":[],"leftTop":12,"rightTop":13,"rightBottom":14,"leftBottom":15},{"x":0,"y":256,"width":256,"height":256,"id":3,"tileList":[],"leftTop":16,"rightTop":17,"rightBottom":18,"leftBottom":19},{"x":0,"y":0,"width":128,"height":128,"id":4,"tileList":[]},{"x":128,"y":0,"width":128,"height":128,"id":5,"tileList":[],"leftTop":24,"rightTop":25,"rightBottom":26,"leftBottom":27},{"x":128,"y":128,"width":128,"height":128,"id":6,"tileList":[],"leftTop":28,"rightTop":29,"rightBottom":30,"leftBottom":31},{"x":0,"y":128,"width":128,"height":128,"id":7,"tileList":[],"leftTop":32,"rightTop":33,"rightBottom":34,"leftBottom":35},{"x":256,"y":0,"width":128,"height":128,"id":8,"tileList":[{"type":0,"value":{"tileId":43,"tilesetKey":"Tileset"}}]},{"x":384,"y":0,"width":128,"height":128,"id":9,"tileList":[]},{"x":384,"y":128,"width":128,"height":128,"id":10,"tileList":[{"type":0,"value":{"tileId":36,"tilesetKey":"Tileset"}}]},{"x":256,"y":128,"width":128,"height":128,"id":11,"tileList":[],"leftTop":48,"rightTop":49,"rightBottom":50,"leftBottom":51},{"x":256,"y":256,"width":128,"height":128,"id":12,"tileList":[{"type":0,"value":{"tileId":97,"tilesetKey":"Tileset"}}]},{"x":384,"y":256,"width":128,"height":128,"id":13,"tileList":[],"leftTop":56,"rightTop":57,"rightBottom":58,"leftBottom":59},{"x":384,"y":384,"width":128,"height":128,"id":14,"tileList":[]},{"x":256,"y":384,"width":128,"height":128,"id":15,"tileList":[]},{"x":0,"y":256,"width":128,"height":128,"id":16,"tileList":[{"type":0,"value":{"tileId":91,"tilesetKey":"Tileset"}}]},{"x":128,"y":256,"width":128,"height":128,"id":17,"tileList":[{"type":0,"value":{"tileId":76,"tilesetKey":"Tileset"}}]},{"x":128,"y":384,"width":128,"height":128,"id":18,"tileList":[]},{"x":0,"y":384,"width":128,"height":128,"id":19,"tileList":[]},{"x":128,"y":0,"width":64,"height":64,"id":24,"tileList":[{"type":0,"value":{"tileId":41,"tilesetKey":"Tileset"}}]},{"x":192,"y":0,"width":64,"height":64,"id":25,"tileList":[]},{"x":192,"y":64,"width":64,"height":64,"id":26,"tileList":[]},{"x":128,"y":64,"width":64,"height":64,"id":27,"tileList":[{"type":0,"value":{"tileId":60,"tilesetKey":"Tileset"}}]},{"x":128,"y":128,"width":64,"height":64,"id":28,"tileList":[],"leftTop":116,"rightTop":117,"rightBottom":118,"leftBottom":119},{"x":192,"y":128,"width":64,"height":64,"id":29,"tileList":[]},{"x":192,"y":192,"width":64,"height":64,"id":30,"tileList":[]},{"x":128,"y":192,"width":64,"height":64,"id":31,"tileList":[]},{"x":0,"y":128,"width":64,"height":64,"id":32,"tileList":[],"leftTop":132,"rightTop":133,"rightBottom":134,"leftBottom":135},{"x":64,"y":128,"width":64,"height":64,"id":33,"tileList":[],"leftTop":136,"rightTop":137,"rightBottom":138,"leftBottom":139},{"x":64,"y":192,"width":64,"height":64,"id":34,"tileList":[],"leftTop":140,"rightTop":141,"rightBottom":142,"leftBottom":143},{"x":0,"y":192,"width":64,"height":64,"id":35,"tileList":[],"leftTop":144,"rightTop":145,"rightBottom":146,"leftBottom":147},{"x":256,"y":128,"width":64,"height":64,"id":48,"tileList":[],"leftTop":196,"rightTop":197,"rightBottom":198,"leftBottom":199},{"x":320,"y":128,"width":64,"height":64,"id":49,"tileList":[]},{"x":320,"y":192,"width":64,"height":64,"id":50,"tileList":[{"type":0,"value":{"tileId":43,"tilesetKey":"Tileset"}}]},{"x":256,"y":192,"width":64,"height":64,"id":51,"tileList":[],"leftTop":208,"rightTop":209,"rightBottom":210,"leftBottom":211},{"x":384,"y":256,"width":64,"height":64,"id":56,"tileList":[{"type":0,"value":{"tileId":98,"tilesetKey":"Tileset"}}]},{"x":448,"y":256,"width":64,"height":64,"id":57,"tileList":[{"type":0,"value":{"tileId":99,"tilesetKey":"Tileset"}}]},{"x":448,"y":320,"width":64,"height":64,"id":58,"tileList":[]},{"x":384,"y":320,"width":64,"height":64,"id":59,"tileList":[]},{"x":128,"y":128,"width":32,"height":32,"id":116,"tileList":[]},{"x":160,"y":128,"width":32,"height":32,"id":117,"tileList":[]},{"x":160,"y":160,"width":32,"height":32,"id":118,"tileList":[{"type":0,"value":{"tileId":68,"tilesetKey":"Tileset"}}]},{"x":128,"y":160,"width":32,"height":32,"id":119,"tileList":[{"type":0,"value":{"tileId":67,"tilesetKey":"Tileset"}}]},{"x":0,"y":128,"width":32,"height":32,"id":132,"tileList":[]},{"x":32,"y":128,"width":32,"height":32,"id":133,"tileList":[]},{"x":32,"y":160,"width":32,"height":32,"id":134,"tileList":[{"type":0,"value":{"tileId":64,"tilesetKey":"Tileset"}}]},{"x":0,"y":160,"width":32,"height":32,"id":135,"tileList":[{"type":0,"value":{"tileId":63,"tilesetKey":"Tileset"}}]},{"x":64,"y":128,"width":32,"height":32,"id":136,"tileList":[]},{"x":96,"y":128,"width":32,"height":32,"id":137,"tileList":[]},{"x":96,"y":160,"width":32,"height":32,"id":138,"tileList":[{"type":0,"value":{"tileId":66,"tilesetKey":"Tileset"}}]},{"x":64,"y":160,"width":32,"height":32,"id":139,"tileList":[{"type":0,"value":{"tileId":65,"tilesetKey":"Tileset"}}]},{"x":64,"y":192,"width":32,"height":32,"id":140,"tileList":[{"type":0,"value":{"tileId":76,"tilesetKey":"Tileset"}}]},{"x":96,"y":192,"width":32,"height":32,"id":141,"tileList":[]},{"x":96,"y":224,"width":32,"height":32,"id":142,"tileList":[]},{"x":64,"y":224,"width":32,"height":32,"id":143,"tileList":[{"type":0,"value":{"tileId":86,"tilesetKey":"Tileset"}}]},{"x":0,"y":192,"width":32,"height":32,"id":144,"tileList":[{"type":0,"value":{"tileId":74,"tilesetKey":"Tileset"}}]},{"x":32,"y":192,"width":32,"height":32,"id":145,"tileList":[{"type":0,"value":{"tileId":75,"tilesetKey":"Tileset"}}]},{"x":32,"y":224,"width":32,"height":32,"id":146,"tileList":[{"type":0,"value":{"tileId":85,"tilesetKey":"Tileset"}}]},{"x":0,"y":224,"width":32,"height":32,"id":147,"tileList":[{"type":0,"value":{"tileId":84,"tilesetKey":"Tileset"}}]},{"x":256,"y":128,"width":32,"height":32,"id":196,"tileList":[]},{"x":288,"y":128,"width":32,"height":32,"id":197,"tileList":[{"type":0,"value":{"tileId":62,"tilesetKey":"Tileset"}}]},{"x":288,"y":160,"width":32,"height":32,"id":198,"tileList":[]},{"x":256,"y":160,"width":32,"height":32,"id":199,"tileList":[{"type":0,"value":{"tileId":42,"tilesetKey":"Tileset"}}]},{"x":256,"y":192,"width":32,"height":32,"id":208,"tileList":[{"type":0,"value":{"tileId":58,"tilesetKey":"Tileset"}}]},{"x":288,"y":192,"width":32,"height":32,"id":209,"tileList":[]},{"x":288,"y":224,"width":32,"height":32,"id":210,"tileList":[]},{"x":256,"y":224,"width":32,"height":32,"id":211,"tileList":[{"type":0,"value":{"tileId":67,"tilesetKey":"Tileset"}}]}]}