{"id":"Tileset","height":32,"width":3328,"tileHeight":32,"tileWidth":32,"numberOfCell":0,"numberOfCellPerRow":0,"numberOfCellPerCol":0,"imageUri":"E:\\//TestTileMap\\Tileset.png","type":0,"tileList":[{"id":0,"x":0,"y":0},{"id":1,"x":32,"y":0},{"id":2,"x":64,"y":0},{"id":3,"x":96,"y":0},{"id":4,"x":128,"y":0},{"id":5,"x":160,"y":0},{"id":6,"x":192,"y":0},{"id":7,"x":224,"y":0},{"id":8,"x":256,"y":0},{"id":9,"x":288,"y":0},{"id":10,"x":320,"y":0},{"id":11,"x":352,"y":0},{"id":12,"x":384,"y":0},{"id":13,"x":416,"y":0},{"id":14,"x":448,"y":0},{"id":15,"x":480,"y":0},{"id":16,"x":512,"y":0},{"id":17,"x":544,"y":0},{"id":18,"x":576,"y":0},{"id":19,"x":608,"y":0},{"id":20,"x":640,"y":0},{"id":21,"x":672,"y":0},{"id":22,"x":704,"y":0},{"id":23,"x":736,"y":0},{"id":24,"x":768,"y":0},{"id":25,"x":800,"y":0},{"id":26,"x":832,"y":0},{"id":27,"x":864,"y":0},{"id":28,"x":896,"y":0},{"id":29,"x":928,"y":0},{"id":30,"x":960,"y":0},{"id":31,"x":992,"y":0},{"id":32,"x":1024,"y":0},{"id":33,"x":1056,"y":0},{"id":34,"x":1088,"y":0},{"id":35,"x":1120,"y":0},{"id":36,"x":1152,"y":0},{"id":37,"x":1184,"y":0},{"id":38,"x":1216,"y":0},{"id":39,"x":1248,"y":0},{"id":40,"x":1280,"y":0},{"id":41,"x":1312,"y":0},{"id":42,"x":1344,"y":0},{"id":43,"x":1376,"y":0},{"id":44,"x":1408,"y":0},{"id":45,"x":1440,"y":0},{"id":46,"x":1472,"y":0},{"id":47,"x":1504,"y":0},{"id":48,"x":1536,"y":0},{"id":49,"x":1568,"y":0},{"id":50,"x":1600,"y":0},{"id":51,"x":1632,"y":0},{"id":52,"x":1664,"y":0},{"id":53,"x":1696,"y":0},{"id":54,"x":1728,"y":0},{"id":55,"x":1760,"y":0},{"id":56,"x":1792,"y":0},{"id":57,"x":1824,"y":0},{"id":58,"x":1856,"y":0},{"id":59,"x":1888,"y":0},{"id":60,"x":1920,"y":0},{"id":61,"x":1952,"y":0},{"id":62,"x":1984,"y":0},{"id":63,"x":2016,"y":0},{"id":64,"x":2048,"y":0},{"id":65,"x":2080,"y":0},{"id":66,"x":2112,"y":0},{"id":67,"x":2144,"y":0},{"id":68,"x":2176,"y":0},{"id":69,"x":2208,"y":0},{"id":70,"x":2240,"y":0},{"id":71,"x":2272,"y":0},{"id":72,"x":2304,"y":0},{"id":73,"x":2336,"y":0},{"id":74,"x":2368,"y":0},{"id":75,"x":2400,"y":0},{"id":76,"x":2432,"y":0},{"id":77,"x":2464,"y":0},{"id":78,"x":2496,"y":0},{"id":79,"x":2528,"y":0},{"id":80,"x":2560,"y":0},{"id":81,"x":2592,"y":0},{"id":82,"x":2624,"y":0},{"id":83,"x":2656,"y":0},{"id":84,"x":2688,"y":0},{"id":85,"x":2720,"y":0},{"id":86,"x":2752,"y":0},{"id":87,"x":2784,"y":0},{"id":88,"x":2816,"y":0},{"id":89,"x":2848,"y":0},{"id":90,"x":2880,"y":0},{"id":91,"x":2912,"y":0},{"id":92,"x":2944,"y":0},{"id":93,"x":2976,"y":0},{"id":94,"x":3008,"y":0},{"id":95,"x":3040,"y":0},{"id":96,"x":3072,"y":0},{"id":97,"x":3104,"y":0},{"id":98,"x":3136,"y":0},{"id":99,"x":3168,"y":0},{"id":100,"x":3200,"y":0},{"id":101,"x":3232,"y":0},{"id":102,"x":3264,"y":0},{"id":103,"x":3296,"y":0}]}